conferenceA,conferenceB,winsA,winsB,ratingsOnlyWinsA,ratingsOnlyTies,averageExpectedMarginA
FBS Independents,SEC,501,499,499,0,-0.5530084430000013
FBS Independents,Big Ten,568,432,553,0,4.365502284999998
FBS Independents,Big 12,587,413,553,0,6.958399589999999
FBS Independents,ACC,632,368,601,0,9.495694660999998
FBS Independents,Pac-12,703,297,749,0,15.923870115999998
FBS Independents,American Athletic,763,237,735,0,19.821503961999998
FBS Independents,Sun Belt,787,213,917,0,23.396064494999997
FBS Independents,Conference USA,827,173,942,0,25.418099442
FBS Independents,Mountain West,807,193,905,0,24.677912829
FBS Independents,Mid-American,869,131,884,0,30.039785477
SEC,Big Ten,615,385,698,0,6.451896487999998
SEC,Big 12,630,370,779,0,7.885081549000001
SEC,ACC,711,289,830,0,11.04771516
SEC,Pac-12,795,205,946,0,17.131248112
SEC,American Athletic,840,160,977,0,21.128081935999997
SEC,Sun Belt,892,108,976,0,24.469899973
SEC,Conference USA,947,53,1000,0,27.954182465000002
SEC,Mountain West,918,82,970,0,26.493430709
SEC,Mid-American,935,65,994,0,30.34173244
Big Ten,Big 12,522,478,569,0,2.0695619030000008
Big Ten,ACC,574,426,675,0,5.255412227000001
Big Ten,Pac-12,734,266,823,0,11.064058153000001
Big Ten,American Athletic,770,230,870,0,14.715982491999998
Big Ten,Sun Belt,834,166,964,0,19.871762721
Big Ten,Conference USA,874,126,992,0,21.810665576999998
Big Ten,Mountain West,842,158,926,0,20.672447491
Big Ten,Mid-American,885,115,945,0,24.038754677999997
Big 12,ACC,571,429,614,0,3.8605346259999993
Big 12,Pac-12,693,307,832,0,9.417924865000002
Big 12,American Athletic,733,267,871,0,12.809630670999999
Big 12,Sun Belt,804,196,935,0,17.205942137999997
Big 12,Conference USA,850,150,986,0,19.863398440999998
Big 12,Mountain West,807,193,915,0,18.137691675000003
Big 12,Mid-American,872,128,964,0,23.495129966
ACC,Pac-12,598,402,722,0,5.398841522000001
ACC,American Athletic,687,313,774,0,9.307706279000001
ACC,Sun Belt,770,230,885,0,13.584384441
ACC,Conference USA,821,179,955,0,15.623172236
ACC,Mountain West,758,242,867,0,15.201192171
ACC,Mid-American,806,194,907,0,17.923227838
Pac-12,American Athletic,580,420,606,0,4.451045812000001
Pac-12,Sun Belt,636,364,836,0,7.7091127660000005
Pac-12,Conference USA,720,280,948,0,10.19890416
Pac-12,Mountain West,680,320,772,0,9.666523735
Pac-12,Mid-American,781,219,853,0,13.864969472
American Athletic,Sun Belt,591,409,696,0,3.8641366889999995
American Athletic,Conference USA,655,345,792,0,6.451526662999998
American Athletic,Mountain West,587,413,665,0,5.086811731
American Athletic,Mid-American,702,298,790,0,10.080610592
Sun Belt,Conference USA,543,457,632,0,2.49669493
Sun Belt,Mountain West,561,439,607,0,2.010214095
Sun Belt,Mid-American,616,384,689,0,5.164253811000001
Conference USA,Mountain West,486,514,529,0,-1.147935497
Conference USA,Mid-American,570,430,651,0,3.06932303
Mountain West,Mid-American,561,439,597,0,3.9881705829999996
