conference,teams,mean,median,bottomQuarterMean,topQuarterMean,quartileGroupSize
SEC,16,64.9643775625,65.2947145,53.736740000000005,76.89971525,4
FBS Independents,2,62.204168499999994,62.204168499999994,43.160586,81.247751,1
Big Ten,18,58.7571158888889,59.4731915,47.2774118,69.78920339999999,5
Big 12,16,57.025679999999994,56.068476000000004,47.823522,68.35967575000001,4
ACC,17,52.6685115882353,53.425421,41.528971,62.2151084,5
Pac-12,8,47.898616125000004,46.6559,39.214577500000004,59.5044525,2
American Athletic,14,42.58687128571428,44.130307,32.41644825,49.917621000000004,4
Sun Belt,14,39.293368071428574,39.858695499999996,28.821915750000002,50.077598,4
Conference USA,10,36.298296400000005,35.2955995,29.589174,43.20272933333333,3
Mountain West,10,37.7531915,34.1762195,27.30101833333333,51.565762,3
Mid-American,13,34.26120130769231,33.903789,24.3337955,44.57271375,4
